Title,Rating,Number_Color,Size,Gender,Timestamp,Price_in_dollars,Price_in_rupiah
T-shirt 2,3.9,3,M,Women,2025-05-07 02:30:46.036413,102.15,1634400
Hoodie 3,4.8,3,L,Unisex,2025-05-07 02:30:46.036413,496.88,7950080
Pants 4,3.3,3,XL,Men,2025-05-07 02:30:46.037425,467.31,7476960
Outerwear 5,3.5,3,XXL,Women,2025-05-07 02:30:46.037425,321.59,5145440
Jacket 6,3.3,3,S,Unisex,2025-05-07 02:30:46.037425,153.37,2453920
Crewneck 7,4.3,3,M,Men,2025-05-07 02:30:46.037425,430.75,6892000
T-shirt 8,3.1,3,L,Women,2025-05-07 02:30:46.037425,487.66,7802560
Hoodie 9,3.2,3,XL,Unisex,2025-05-07 02:30:46.037425,248.26,3972160
Pants 10,4.2,3,XXL,Men,2025-05-07 02:30:46.037425,193.76,3100160
Jacket 12,3.9,3,M,Unisex,2025-05-07 02:30:46.038343,532.99,8527840
Crewneck 13,3.2,3,L,Men,2025-05-07 02:30:46.038343,340.45,5447200
T-shirt 14,3.8,3,XL,Women,2025-05-07 02:30:46.038343,203.05,3248800
Hoodie 15,3.6,3,XXL,Unisex,2025-05-07 02:30:46.038343,136.51,2184160
Outerwear 17,3.8,3,M,Women,2025-05-07 02:30:46.038343,52.6,841600
Jacket 18,3.8,3,L,Unisex,2025-05-07 02:30:46.038343,343.75,5500000
Crewneck 19,3.6,3,XL,Men,2025-05-07 02:30:46.038343,81.81,1308960
T-shirt 20,3.4,3,XXL,Women,2025-05-07 02:30:46.039857,82.85,1325600
Pants 22,4.9,3,M,Men,2025-05-07 02:30:48.132537,269.98,4319680
Outerwear 23,3.7,3,L,Women,2025-05-07 02:30:48.132537,290.99,4655840
Jacket 24,3.9,3,XL,Unisex,2025-05-07 02:30:48.133535,513.97,8223520
Crewneck 25,3.3,3,XXL,Men,2025-05-07 02:30:48.133535,520.16,8322559
T-shirt 26,4.6,3,S,Women,2025-05-07 02:30:48.133535,455.77,7292320
Hoodie 27,4.8,3,M,Unisex,2025-05-07 02:30:48.133535,221.99,3551840
Pants 28,4.0,3,L,Men,2025-05-07 02:30:48.133535,326.01,5216160
Outerwear 29,3.1,3,XL,Women,2025-05-07 02:30:48.133535,53.85,861600
Jacket 30,3.7,3,XXL,Unisex,2025-05-07 02:30:48.133535,538.14,8610240
T-shirt 32,3.4,3,M,Women,2025-05-07 02:30:48.134534,416.12,6657920
Hoodie 33,3.5,3,L,Unisex,2025-05-07 02:30:48.134534,453.01,7248160
Pants 34,3.8,3,XL,Men,2025-05-07 02:30:48.134534,522.67,8362719
Outerwear 35,3.8,3,XXL,Women,2025-05-07 02:30:48.134534,84.76,1356160
Jacket 36,3.7,3,S,Unisex,2025-05-07 02:30:48.134534,453.08,7249280
Crewneck 37,4.0,3,M,Men,2025-05-07 02:30:48.134534,375.38,6006080
T-shirt 38,3.2,3,L,Women,2025-05-07 02:30:48.135533,304.13,4866080
Hoodie 39,4.6,3,XL,Unisex,2025-05-07 02:30:48.135533,401.95,6431200
Pants 40,3.1,3,XXL,Men,2025-05-07 02:30:48.135533,365.85,5853600
Jacket 42,3.7,3,M,Unisex,2025-05-07 02:30:50.256678,421.51,6744160
Crewneck 43,4.5,3,L,Men,2025-05-07 02:30:50.256678,181.85,2909600
T-shirt 44,3.0,3,XL,Women,2025-05-07 02:30:50.256678,207.02,3312320
Hoodie 45,4.5,3,XXL,Unisex,2025-05-07 02:30:50.256678,543.32,8693120
Outerwear 47,3.2,3,M,Women,2025-05-07 02:30:50.256678,397.79,6364640
Jacket 48,3.4,3,L,Unisex,2025-05-07 02:30:50.256678,312.17,4994720
Crewneck 49,4.0,3,XL,Men,2025-05-07 02:30:50.256678,66.95,1071200
T-shirt 50,3.1,3,XXL,Women,2025-05-07 02:30:50.257680,370.81,5932960
Pants 52,4.0,3,M,Men,2025-05-07 02:30:50.257680,99.78,1596480
Outerwear 53,4.3,3,L,Women,2025-05-07 02:30:50.257680,279.43,4470880
Jacket 54,4.2,3,XL,Unisex,2025-05-07 02:30:50.257680,53.41,854560
Crewneck 55,3.6,3,XXL,Men,2025-05-07 02:30:50.257680,112.11,1793760
T-shirt 56,3.8,3,S,Women,2025-05-07 02:30:50.257680,290.19,4643040
Hoodie 57,4.9,3,M,Unisex,2025-05-07 02:30:50.257680,197.21,3155360
Pants 58,4.4,3,L,Men,2025-05-07 02:30:50.258677,102.36,1637760
Outerwear 59,4.6,3,XL,Women,2025-05-07 02:30:50.258677,140.89,2254240
Jacket 60,4.2,3,XXL,Unisex,2025-05-07 02:30:50.258677,210.97,3375520
T-shirt 62,3.8,3,M,Women,2025-05-07 02:30:52.410245,86.03,1376480
Hoodie 63,3.6,3,L,Unisex,2025-05-07 02:30:52.410245,404.95,6479200
Pants 64,4.0,3,XL,Men,2025-05-07 02:30:52.410245,483.03,7728480
Outerwear 65,4.1,3,XXL,Women,2025-05-07 02:30:52.410245,149.12,2385920
Jacket 66,3.5,3,S,Unisex,2025-05-07 02:30:52.410245,272.07,4353120
Crewneck 67,3.5,3,M,Men,2025-05-07 02:30:52.410245,529.42,8470720
T-shirt 68,4.0,3,L,Women,2025-05-07 02:30:52.410245,501.58,8025280
Hoodie 69,3.6,3,XL,Unisex,2025-05-07 02:30:52.411256,64.24,1027839
Pants 70,4.4,3,XXL,Men,2025-05-07 02:30:52.411256,73.21,1171360
Jacket 72,4.4,3,M,Unisex,2025-05-07 02:30:52.411256,236.0,3776000
Crewneck 73,3.0,3,L,Men,2025-05-07 02:30:52.411256,153.77,2460320
T-shirt 74,3.8,3,XL,Women,2025-05-07 02:30:52.411256,481.55,7704800
Hoodie 75,4.3,3,XXL,Unisex,2025-05-07 02:30:52.411256,131.36,2101760
Outerwear 77,3.7,3,M,Women,2025-05-07 02:30:52.411256,53.86,861760
Jacket 78,4.3,3,L,Unisex,2025-05-07 02:30:52.412262,169.78,2716480
Crewneck 79,4.6,3,XL,Men,2025-05-07 02:30:52.412262,206.85,3309600
T-shirt 80,4.5,3,XXL,Women,2025-05-07 02:30:52.412262,261.15,4178399
Pants 82,4.8,3,M,Men,2025-05-07 02:30:54.571415,519.72,8315520
Outerwear 83,3.7,3,L,Women,2025-05-07 02:30:54.571415,246.74,3947840
Jacket 84,4.8,3,XL,Unisex,2025-05-07 02:30:54.571415,176.63,2826080
Crewneck 85,3.5,3,XXL,Men,2025-05-07 02:30:54.572502,285.26,4564160
T-shirt 86,3.9,3,S,Women,2025-05-07 02:30:54.572502,104.43,1670880
Hoodie 87,4.3,3,M,Unisex,2025-05-07 02:30:54.572502,491.89,7870240
Pants 88,3.1,3,L,Men,2025-05-07 02:30:54.572502,474.4,7590400
Outerwear 89,3.0,3,XL,Women,2025-05-07 02:30:54.572502,303.52,4856320
Jacket 90,4.0,3,XXL,Unisex,2025-05-07 02:30:54.572502,447.5,7160000
T-shirt 92,3.5,3,M,Women,2025-05-07 02:30:54.572502,313.27,5012320
Hoodie 93,3.6,3,L,Unisex,2025-05-07 02:30:54.572502,85.33,1365280
Pants 94,4.3,3,XL,Men,2025-05-07 02:30:54.572502,67.18,1074880
Outerwear 95,3.5,3,XXL,Women,2025-05-07 02:30:54.573512,378.89,6062240
Jacket 96,4.9,3,S,Unisex,2025-05-07 02:30:54.573512,287.39,4598240
Crewneck 97,3.9,3,M,Men,2025-05-07 02:30:54.573512,382.07,6113120
T-shirt 98,3.1,3,L,Women,2025-05-07 02:30:54.573512,537.31,8596960
Hoodie 99,3.6,3,XL,Unisex,2025-05-07 02:30:54.573512,314.25,5028000
Pants 100,4.6,3,XXL,Men,2025-05-07 02:30:54.573512,138.58,2217280
Jacket 102,3.3,3,M,Unisex,2025-05-07 02:30:56.665400,240.04,3840640
Crewneck 103,3.5,3,L,Men,2025-05-07 02:30:56.665400,145.73,2331680
T-shirt 104,3.8,3,XL,Women,2025-05-07 02:30:56.665400,148.4,2374400
Hoodie 105,4.2,3,XXL,Unisex,2025-05-07 02:30:56.665400,313.74,5019840
Outerwear 107,4.0,3,M,Women,2025-05-07 02:30:56.665400,414.07,6625120
Jacket 108,4.8,3,L,Unisex,2025-05-07 02:30:56.665400,346.98,5551680
Crewneck 109,3.3,3,XL,Men,2025-05-07 02:30:56.666381,367.93,5886880
T-shirt 110,4.6,3,XXL,Women,2025-05-07 02:30:56.666381,449.82,7197120
Pants 112,3.3,3,M,Men,2025-05-07 02:30:56.666381,266.37,4261920
Outerwear 113,3.7,3,L,Women,2025-05-07 02:30:56.666381,279.5,4472000
Jacket 114,4.9,3,XL,Unisex,2025-05-07 02:30:56.666381,336.66,5386560
Crewneck 115,4.5,3,XXL,Men,2025-05-07 02:30:56.666381,120.83,1933280
T-shirt 116,3.0,3,S,Women,2025-05-07 02:30:56.666381,217.16,3474560
Hoodie 117,5.0,3,M,Unisex,2025-05-07 02:30:56.667379,211.02,3376320
Pants 118,3.2,3,L,Men,2025-05-07 02:30:56.667379,349.09,5585440
Outerwear 119,3.4,3,XL,Women,2025-05-07 02:30:56.667379,222.61,3561760
Jacket 120,4.0,3,XXL,Unisex,2025-05-07 02:30:56.667379,467.52,7480320
T-shirt 122,3.6,3,M,Women,2025-05-07 02:30:58.906167,122.62,1961920
Hoodie 123,3.8,3,L,Unisex,2025-05-07 02:30:58.906167,281.13,4498080
Pants 124,3.2,3,XL,Men,2025-05-07 02:30:58.906167,438.97,7023520
Outerwear 125,4.2,3,XXL,Women,2025-05-07 02:30:58.906167,437.39,6998240
Jacket 126,3.9,3,S,Unisex,2025-05-07 02:30:58.906167,276.63,4426080
Crewneck 127,4.0,3,M,Men,2025-05-07 02:30:58.906167,519.48,8311680
T-shirt 128,3.8,3,L,Women,2025-05-07 02:30:58.907168,279.17,4466720
Hoodie 129,4.5,3,XL,Unisex,2025-05-07 02:30:58.907168,158.28,2532480
Pants 130,4.8,3,XXL,Men,2025-05-07 02:30:58.907168,412.72,6603520
Jacket 132,4.2,3,M,Unisex,2025-05-07 02:30:58.907168,404.68,6474880
Crewneck 133,4.7,3,L,Men,2025-05-07 02:30:58.907168,126.02,2016320
T-shirt 134,3.2,3,XL,Women,2025-05-07 02:30:58.907168,371.09,5937440
Hoodie 135,4.7,3,XXL,Unisex,2025-05-07 02:30:58.907168,321.34,5141440
Outerwear 137,4.5,3,M,Women,2025-05-07 02:30:58.908168,436.77,6988320
Jacket 138,3.4,3,L,Unisex,2025-05-07 02:30:58.908168,289.72,4635520
Crewneck 139,4.5,3,XL,Men,2025-05-07 02:30:58.908168,503.32,8053120
T-shirt 140,3.5,3,XXL,Women,2025-05-07 02:30:58.908168,425.69,6811040
Pants 142,4.9,3,M,Men,2025-05-07 02:31:01.069224,145.33,2325280
Outerwear 143,4.9,3,L,Women,2025-05-07 02:31:01.069224,209.16,3346560
Jacket 144,4.3,3,XL,Unisex,2025-05-07 02:31:01.069224,359.89,5758240
Crewneck 145,4.8,3,XXL,Men,2025-05-07 02:31:01.069224,217.05,3472800
T-shirt 146,4.3,3,S,Women,2025-05-07 02:31:01.069224,480.54,7688640
Hoodie 147,5.0,3,M,Unisex,2025-05-07 02:31:01.070235,190.8,3052800
Pants 148,4.7,3,L,Men,2025-05-07 02:31:01.070235,377.09,6033440
Outerwear 149,3.2,3,XL,Women,2025-05-07 02:31:01.070235,194.12,3105920
Jacket 150,3.6,3,XXL,Unisex,2025-05-07 02:31:01.070235,93.79,1500640
T-shirt 152,4.2,3,M,Women,2025-05-07 02:31:01.070235,393.04,6288640
Hoodie 153,4.3,3,L,Unisex,2025-05-07 02:31:01.070235,166.29,2660640
Pants 154,3.0,3,XL,Men,2025-05-07 02:31:01.070235,146.09,2337440
Outerwear 155,4.1,3,XXL,Women,2025-05-07 02:31:01.070235,236.45,3783200
Jacket 156,3.6,3,S,Unisex,2025-05-07 02:31:01.070235,415.32,6645120
Crewneck 157,4.0,3,M,Men,2025-05-07 02:31:01.070235,69.11,1105760
T-shirt 158,4.0,3,L,Women,2025-05-07 02:31:01.071401,457.57,7321120
Hoodie 159,4.9,3,XL,Unisex,2025-05-07 02:31:01.071401,148.23,2371680
Pants 160,3.4,3,XXL,Men,2025-05-07 02:31:01.071401,175.18,2802880
Jacket 162,4.5,3,M,Unisex,2025-05-07 02:31:03.264776,96.49,1543840
Crewneck 163,4.4,3,L,Men,2025-05-07 02:31:03.264776,491.37,7861920
T-shirt 164,3.9,3,XL,Women,2025-05-07 02:31:03.264776,219.5,3512000
Hoodie 165,4.9,3,XXL,Unisex,2025-05-07 02:31:03.264776,432.58,6921280
Outerwear 167,3.1,3,M,Women,2025-05-07 02:31:03.264776,204.61,3273760
Jacket 168,4.4,3,L,Unisex,2025-05-07 02:31:03.265776,54.4,870400
Crewneck 169,4.7,3,XL,Men,2025-05-07 02:31:03.265776,502.05,8032800
T-shirt 170,4.5,3,XXL,Women,2025-05-07 02:31:03.265776,417.37,6677920
Pants 172,4.9,3,M,Men,2025-05-07 02:31:03.265776,97.88,1566080
Outerwear 173,4.6,3,L,Women,2025-05-07 02:31:03.265776,439.66,7034560
Jacket 174,3.3,3,XL,Unisex,2025-05-07 02:31:03.265776,392.64,6282240
Crewneck 175,4.5,3,XXL,Men,2025-05-07 02:31:03.265776,507.82,8125120
T-shirt 176,3.6,3,S,Women,2025-05-07 02:31:03.266775,381.52,6104320
Hoodie 177,4.6,3,M,Unisex,2025-05-07 02:31:03.266775,118.15,1890400
Pants 178,3.0,3,L,Men,2025-05-07 02:31:03.266775,386.51,6184160
Outerwear 179,3.5,3,XL,Women,2025-05-07 02:31:03.266775,363.54,5816640
Jacket 180,3.9,3,XXL,Unisex,2025-05-07 02:31:03.266775,347.04,5552640
T-shirt 182,3.8,3,M,Women,2025-05-07 02:31:05.460106,145.93,2334880
Hoodie 183,3.6,3,L,Unisex,2025-05-07 02:31:05.460106,244.04,3904640
Pants 184,4.5,3,XL,Men,2025-05-07 02:31:05.460106,484.97,7759520
Outerwear 185,3.2,3,XXL,Women,2025-05-07 02:31:05.460106,488.93,7822880
Jacket 186,4.2,3,S,Unisex,2025-05-07 02:31:05.460106,433.78,6940480
Crewneck 187,3.8,3,M,Men,2025-05-07 02:31:05.461116,416.47,6663520
T-shirt 188,4.4,3,L,Women,2025-05-07 02:31:05.461116,245.49,3927840
Hoodie 189,4.0,3,XL,Unisex,2025-05-07 02:31:05.461116,121.67,1946720
Pants 190,4.5,3,XXL,Men,2025-05-07 02:31:05.461116,138.81,2220960
Jacket 192,3.8,3,M,Unisex,2025-05-07 02:31:05.461116,316.64,5066240
Crewneck 193,4.1,3,L,Men,2025-05-07 02:31:05.461116,459.73,7355680
T-shirt 194,4.9,3,XL,Women,2025-05-07 02:31:05.461116,176.17,2818720
Hoodie 195,4.9,3,XXL,Unisex,2025-05-07 02:31:05.461116,450.56,7208960
Outerwear 197,4.9,3,M,Women,2025-05-07 02:31:05.462115,355.1,5681600
Jacket 198,4.5,3,L,Unisex,2025-05-07 02:31:05.462115,339.69,5435040
Crewneck 199,3.1,3,XL,Men,2025-05-07 02:31:05.462115,421.52,6744320
T-shirt 200,3.5,3,XXL,Women,2025-05-07 02:31:05.462115,393.12,6289920
Pants 202,3.3,3,M,Men,2025-05-07 02:31:07.574872,349.53,5592480
Outerwear 203,3.4,3,L,Women,2025-05-07 02:31:07.575869,134.0,2144000
Jacket 204,3.9,3,XL,Unisex,2025-05-07 02:31:07.575869,376.94,6031040
Crewneck 205,3.2,3,XXL,Men,2025-05-07 02:31:07.575869,402.18,6434880
T-shirt 206,4.5,3,S,Women,2025-05-07 02:31:07.575869,292.17,4674720
Hoodie 207,3.5,3,M,Unisex,2025-05-07 02:31:07.575869,381.34,6101440
Pants 208,3.1,3,L,Men,2025-05-07 02:31:07.575869,289.85,4637600
Outerwear 209,4.3,3,XL,Women,2025-05-07 02:31:07.576868,498.79,7980640
Jacket 210,4.7,3,XXL,Unisex,2025-05-07 02:31:07.576868,489.21,7827360
T-shirt 212,4.7,3,M,Women,2025-05-07 02:31:07.576868,549.68,8794880
Hoodie 213,3.6,3,L,Unisex,2025-05-07 02:31:07.576868,359.25,5748000
Pants 214,4.9,3,XL,Men,2025-05-07 02:31:07.576868,269.73,4315680
Outerwear 215,3.8,3,XXL,Women,2025-05-07 02:31:07.576868,90.6,1449600
Jacket 216,4.6,3,S,Unisex,2025-05-07 02:31:07.576868,286.03,4576480
Crewneck 217,4.8,3,M,Men,2025-05-07 02:31:07.577873,360.81,5772960
T-shirt 218,3.1,3,L,Women,2025-05-07 02:31:07.577873,350.02,5600320
Hoodie 219,4.6,3,XL,Unisex,2025-05-07 02:31:07.577873,354.44,5671040
Pants 220,3.2,3,XXL,Men,2025-05-07 02:31:07.577873,209.85,3357600
Jacket 222,3.4,3,M,Unisex,2025-05-07 02:31:09.758786,464.88,7438080
Crewneck 223,4.8,3,L,Men,2025-05-07 02:31:09.760387,59.56,952960
T-shirt 224,4.5,3,XL,Women,2025-05-07 02:31:09.760461,220.91,3534560
Hoodie 225,3.5,3,XXL,Unisex,2025-05-07 02:31:09.760461,327.05,5232800
Outerwear 227,4.8,3,M,Women,2025-05-07 02:31:09.761401,421.41,6742560
Jacket 228,4.5,3,L,Unisex,2025-05-07 02:31:09.761401,504.8,8076800
Crewneck 229,4.9,3,XL,Men,2025-05-07 02:31:09.761401,193.87,3101920
T-shirt 230,4.5,3,XXL,Women,2025-05-07 02:31:09.761401,445.83,7133280
Pants 232,4.0,3,M,Men,2025-05-07 02:31:09.761401,520.46,8327360
Outerwear 233,4.8,3,L,Women,2025-05-07 02:31:09.761401,52.96,847360
Jacket 234,4.5,3,XL,Unisex,2025-05-07 02:31:09.762496,72.45,1159200
Crewneck 235,3.4,3,XXL,Men,2025-05-07 02:31:09.762496,410.02,6560320
T-shirt 236,3.9,3,S,Women,2025-05-07 02:31:09.762496,343.27,5492320
Hoodie 237,3.1,3,M,Unisex,2025-05-07 02:31:09.762496,296.47,4743520
Pants 238,3.8,3,L,Men,2025-05-07 02:31:09.762496,518.87,8301920
Outerwear 239,3.1,3,XL,Women,2025-05-07 02:31:09.762496,495.88,7934080
Jacket 240,3.8,3,XXL,Unisex,2025-05-07 02:31:09.762496,475.0,7600000
T-shirt 242,3.4,3,M,Women,2025-05-07 02:31:11.895446,302.1,4833600
Hoodie 243,3.1,3,L,Unisex,2025-05-07 02:31:11.896754,210.73,3371680
Pants 244,3.1,3,XL,Men,2025-05-07 02:31:11.896754,507.26,8116160
Outerwear 245,4.0,3,XXL,Women,2025-05-07 02:31:11.896754,90.73,1451680
Jacket 246,3.1,3,S,Unisex,2025-05-07 02:31:11.896754,545.94,8735040
Crewneck 247,3.0,3,M,Men,2025-05-07 02:31:11.896754,548.07,8769120
T-shirt 248,4.5,3,L,Women,2025-05-07 02:31:11.896754,142.5,2280000
Hoodie 249,4.2,3,XL,Unisex,2025-05-07 02:31:11.897868,134.34,2149440
Pants 250,3.1,3,XXL,Men,2025-05-07 02:31:11.897868,269.64,4314240
Jacket 252,3.2,3,M,Unisex,2025-05-07 02:31:11.897868,525.53,8408480
Crewneck 253,3.9,3,L,Men,2025-05-07 02:31:11.897868,115.92,1854720
T-shirt 254,3.9,3,XL,Women,2025-05-07 02:31:11.897868,374.01,5984160
Hoodie 255,4.1,3,XXL,Unisex,2025-05-07 02:31:11.898868,229.25,3668000
Outerwear 257,5.0,3,M,Women,2025-05-07 02:31:11.898868,442.07,7073120
Jacket 258,4.7,3,L,Unisex,2025-05-07 02:31:11.898868,130.04,2080639
Crewneck 259,3.3,3,XL,Men,2025-05-07 02:31:11.898868,142.22,2275520
T-shirt 260,3.5,3,XXL,Women,2025-05-07 02:31:11.898868,391.97,6271520
Pants 262,3.4,3,M,Men,2025-05-07 02:31:14.091628,68.61,1097760
Outerwear 263,4.2,3,L,Women,2025-05-07 02:31:14.092642,117.4,1878400
Jacket 264,4.8,3,XL,Unisex,2025-05-07 02:31:14.092642,128.94,2063040
Crewneck 265,3.5,3,XXL,Men,2025-05-07 02:31:14.092642,155.19,2483040
T-shirt 266,4.6,3,S,Women,2025-05-07 02:31:14.092642,302.63,4842080
Hoodie 267,4.3,3,M,Unisex,2025-05-07 02:31:14.092642,255.39,4086240
Pants 268,3.6,3,L,Men,2025-05-07 02:31:14.092642,312.82,5005120
Outerwear 269,3.1,3,XL,Women,2025-05-07 02:31:14.092642,504.62,8073920
Jacket 270,4.2,3,XXL,Unisex,2025-05-07 02:31:14.093639,160.57,2569120
T-shirt 272,3.3,3,M,Women,2025-05-07 02:31:14.093639,363.24,5811840
Hoodie 273,4.9,3,L,Unisex,2025-05-07 02:31:14.093639,330.71,5291360
Pants 274,4.2,3,XL,Men,2025-05-07 02:31:14.093639,229.33,3669280
Outerwear 275,4.8,3,XXL,Women,2025-05-07 02:31:14.093639,348.46,5575360
Jacket 276,4.3,3,S,Unisex,2025-05-07 02:31:14.094623,63.35,1013600
Crewneck 277,4.7,3,M,Men,2025-05-07 02:31:14.094623,148.98,2383680
T-shirt 278,3.8,3,L,Women,2025-05-07 02:31:14.094623,130.46,2087360
Hoodie 279,4.7,3,XL,Unisex,2025-05-07 02:31:14.094623,349.52,5592320
Pants 280,3.9,3,XXL,Men,2025-05-07 02:31:14.094623,468.84,7501440
Jacket 282,3.0,3,M,Unisex,2025-05-07 02:31:16.213812,139.19,2227040
Crewneck 283,3.2,3,L,Men,2025-05-07 02:31:16.213812,414.57,6633120
T-shirt 284,3.6,3,XL,Women,2025-05-07 02:31:16.213812,410.5,6568000
Hoodie 285,3.2,3,XXL,Unisex,2025-05-07 02:31:16.213812,188.07,3009120
Outerwear 287,3.7,3,M,Women,2025-05-07 02:31:16.213812,329.6,5273600
Jacket 288,4.1,3,L,Unisex,2025-05-07 02:31:16.213812,195.19,3123040
Crewneck 289,4.0,3,XL,Men,2025-05-07 02:31:16.214811,55.5,888000
T-shirt 290,4.2,3,XXL,Women,2025-05-07 02:31:16.214811,401.57,6425120
Pants 292,3.9,3,M,Men,2025-05-07 02:31:16.214811,149.03,2384480
Outerwear 293,4.5,3,L,Women,2025-05-07 02:31:16.214811,73.51,1176160
Jacket 294,3.8,3,XL,Unisex,2025-05-07 02:31:16.214811,371.7,5947200
Crewneck 295,4.9,3,XXL,Men,2025-05-07 02:31:16.214811,454.17,7266720
T-shirt 296,3.1,3,S,Women,2025-05-07 02:31:16.215809,73.26,1172160
Hoodie 297,3.6,3,M,Unisex,2025-05-07 02:31:16.215809,487.57,7801120
Pants 298,4.8,3,L,Men,2025-05-07 02:31:16.215809,151.63,2426080
Outerwear 299,4.3,3,XL,Women,2025-05-07 02:31:16.215809,121.74,1947840
Jacket 300,4.0,3,XXL,Unisex,2025-05-07 02:31:16.215809,400.53,6408480
T-shirt 302,3.2,3,M,Women,2025-05-07 02:31:18.466981,356.95,5711200
Hoodie 303,4.1,3,L,Unisex,2025-05-07 02:31:18.466981,498.41,7974560
Pants 304,3.4,3,XL,Men,2025-05-07 02:31:18.466981,445.61,7129760
Outerwear 305,4.5,3,XXL,Women,2025-05-07 02:31:18.466981,395.34,6325440
Jacket 306,4.2,3,S,Unisex,2025-05-07 02:31:18.466981,473.44,7575040
Crewneck 307,3.7,3,M,Men,2025-05-07 02:31:18.466981,483.45,7735200
T-shirt 308,4.1,3,L,Women,2025-05-07 02:31:18.466981,255.38,4086080
Hoodie 309,4.8,3,XL,Unisex,2025-05-07 02:31:18.466981,247.07,3953120
Pants 310,4.7,3,XXL,Men,2025-05-07 02:31:18.466981,395.58,6329280
Jacket 312,3.8,3,M,Unisex,2025-05-07 02:31:18.466981,454.19,7267040
Crewneck 313,3.1,3,L,Men,2025-05-07 02:31:18.466981,121.77,1948320
T-shirt 314,3.2,3,XL,Women,2025-05-07 02:31:18.466981,376.07,6017120
Hoodie 315,3.1,3,XXL,Unisex,2025-05-07 02:31:18.466981,438.93,7022880
Outerwear 317,3.3,3,M,Women,2025-05-07 02:31:18.468348,328.69,5259040
Jacket 318,3.7,3,L,Unisex,2025-05-07 02:31:18.468348,354.2,5667200
Crewneck 319,3.3,3,XL,Men,2025-05-07 02:31:18.468348,192.87,3085920
T-shirt 320,3.3,3,XXL,Women,2025-05-07 02:31:18.468348,51.84,829440
Pants 322,3.2,3,M,Men,2025-05-07 02:31:20.614349,488.15,7810400
Outerwear 323,3.1,3,L,Women,2025-05-07 02:31:20.614349,529.25,8468000
Jacket 324,3.3,3,XL,Unisex,2025-05-07 02:31:20.614349,380.17,6082720
Crewneck 325,3.4,3,XXL,Men,2025-05-07 02:31:20.614349,187.61,3001760
T-shirt 326,4.9,3,S,Women,2025-05-07 02:31:20.614349,282.46,4519360
Hoodie 327,4.4,3,M,Unisex,2025-05-07 02:31:20.614349,415.09,6641440
Pants 328,4.5,3,L,Men,2025-05-07 02:31:20.615306,358.31,5732960
Outerwear 329,4.7,3,XL,Women,2025-05-07 02:31:20.615306,420.26,6724160
Jacket 330,4.3,3,XXL,Unisex,2025-05-07 02:31:20.615306,99.45,1591200
T-shirt 332,3.4,3,M,Women,2025-05-07 02:31:20.615306,145.98,2335680
Hoodie 333,4.8,3,L,Unisex,2025-05-07 02:31:20.615306,109.13,1746080
Pants 334,3.8,3,XL,Men,2025-05-07 02:31:20.615306,150.59,2409440
Outerwear 335,3.0,3,XXL,Women,2025-05-07 02:31:20.615306,176.67,2826720
Jacket 336,5.0,3,S,Unisex,2025-05-07 02:31:20.615306,389.86,6237760
Crewneck 337,4.3,3,M,Men,2025-05-07 02:31:20.615306,538.05,8608800
T-shirt 338,3.9,3,L,Women,2025-05-07 02:31:20.616352,180.21,2883360
Hoodie 339,4.9,3,XL,Unisex,2025-05-07 02:31:20.616352,276.55,4424800
Pants 340,4.3,3,XXL,Men,2025-05-07 02:31:20.616352,373.45,5975200
Jacket 342,4.8,3,M,Unisex,2025-05-07 02:31:22.788416,114.23,1827680
Crewneck 343,4.1,3,L,Men,2025-05-07 02:31:22.788416,142.44,2279040
T-shirt 344,4.5,3,XL,Women,2025-05-07 02:31:22.788416,213.48,3415680
Hoodie 345,3.3,3,XXL,Unisex,2025-05-07 02:31:22.788416,473.59,7577440
Outerwear 347,4.7,3,M,Women,2025-05-07 02:31:22.790019,436.63,6986080
Jacket 348,4.6,3,L,Unisex,2025-05-07 02:31:22.790191,199.69,3195040
Crewneck 349,3.5,3,XL,Men,2025-05-07 02:31:22.790191,380.35,6085600
T-shirt 350,5.0,3,XXL,Women,2025-05-07 02:31:22.790191,502.98,8047680
Pants 352,4.0,3,M,Men,2025-05-07 02:31:22.790191,177.43,2838880
Outerwear 353,3.6,3,L,Women,2025-05-07 02:31:22.790191,60.1,961600
Jacket 354,3.8,3,XL,Unisex,2025-05-07 02:31:22.790191,143.42,2294720
Crewneck 355,3.2,3,XXL,Men,2025-05-07 02:31:22.790191,265.41,4246560
T-shirt 356,4.3,3,S,Women,2025-05-07 02:31:22.791031,446.88,7150080
Hoodie 357,3.6,3,M,Unisex,2025-05-07 02:31:22.791031,233.71,3739360
Pants 358,3.9,3,L,Men,2025-05-07 02:31:22.791031,529.97,8479520
Outerwear 359,4.3,3,XL,Women,2025-05-07 02:31:22.791031,106.03,1696480
Jacket 360,4.8,3,XXL,Unisex,2025-05-07 02:31:22.791031,549.27,8788320
T-shirt 362,5.0,3,M,Women,2025-05-07 02:31:24.960314,298.55,4776800
Hoodie 363,3.2,3,L,Unisex,2025-05-07 02:31:24.961273,73.21,1171360
Pants 364,4.8,3,XL,Men,2025-05-07 02:31:24.961273,310.8,4972800
Outerwear 365,4.5,3,XXL,Women,2025-05-07 02:31:24.961273,434.78,6956480
Jacket 366,4.9,3,S,Unisex,2025-05-07 02:31:24.961273,365.93,5854880
Crewneck 367,4.9,3,M,Men,2025-05-07 02:31:24.961273,522.46,8359360
T-shirt 368,3.2,3,L,Women,2025-05-07 02:31:24.962266,60.32,965120
Hoodie 369,4.7,3,XL,Unisex,2025-05-07 02:31:24.962266,450.31,7204960
Pants 370,3.6,3,XXL,Men,2025-05-07 02:31:24.962266,284.98,4559680
Jacket 372,3.6,3,M,Unisex,2025-05-07 02:31:24.962266,315.81,5052960
Crewneck 373,3.6,3,L,Men,2025-05-07 02:31:24.962266,139.44,2231040
T-shirt 374,3.9,3,XL,Women,2025-05-07 02:31:24.963390,481.07,7697120
Hoodie 375,3.9,3,XXL,Unisex,2025-05-07 02:31:24.963390,439.22,7027520
Outerwear 377,4.8,3,M,Women,2025-05-07 02:31:24.963390,425.13,6802080
Jacket 378,3.6,3,L,Unisex,2025-05-07 02:31:24.963390,212.65,3402400
Crewneck 379,4.4,3,XL,Men,2025-05-07 02:31:24.963390,247.7,3963200
T-shirt 380,3.8,3,XXL,Women,2025-05-07 02:31:24.964389,159.19,2547040
Pants 382,4.4,3,M,Men,2025-05-07 02:31:27.141389,84.76,1356160
Outerwear 383,3.4,3,L,Women,2025-05-07 02:31:27.141389,214.44,3431040
Jacket 384,3.3,3,XL,Unisex,2025-05-07 02:31:27.142806,90.81,1452960
Crewneck 385,4.9,3,XXL,Men,2025-05-07 02:31:27.142806,496.92,7950720
T-shirt 386,4.6,3,S,Women,2025-05-07 02:31:27.142806,299.6,4793600
Hoodie 387,4.2,3,M,Unisex,2025-05-07 02:31:27.142806,526.13,8418080
Pants 388,3.1,3,L,Men,2025-05-07 02:31:27.142806,58.2,931200
Outerwear 389,5.0,3,XL,Women,2025-05-07 02:31:27.144837,180.2,2883200
Jacket 390,3.3,3,XXL,Unisex,2025-05-07 02:31:27.144837,339.56,5432960
T-shirt 392,4.4,3,M,Women,2025-05-07 02:31:27.145848,76.63,1226080
Hoodie 393,3.2,3,L,Unisex,2025-05-07 02:31:27.145848,254.28,4068480
Pants 394,3.3,3,XL,Men,2025-05-07 02:31:27.146850,221.25,3540000
Outerwear 395,4.0,3,XXL,Women,2025-05-07 02:31:27.146850,193.67,3098720
Jacket 396,3.9,3,S,Unisex,2025-05-07 02:31:27.147845,156.58,2505280
Crewneck 397,3.6,3,M,Men,2025-05-07 02:31:27.147845,53.46,855360
T-shirt 398,4.7,3,L,Women,2025-05-07 02:31:27.147845,287.05,4592800
Hoodie 399,3.6,3,XL,Unisex,2025-05-07 02:31:27.148851,157.72,2523520
Pants 400,4.7,3,XXL,Men,2025-05-07 02:31:27.148851,376.29,6020640
Jacket 402,4.6,3,M,Unisex,2025-05-07 02:31:29.285924,126.82,2029120
Crewneck 403,4.1,3,L,Men,2025-05-07 02:31:29.285924,98.77,1580320
T-shirt 404,4.9,3,XL,Women,2025-05-07 02:31:29.286920,218.82,3501120
Hoodie 405,3.8,3,XXL,Unisex,2025-05-07 02:31:29.286920,317.51,5080160
Outerwear 407,3.7,3,M,Women,2025-05-07 02:31:29.286920,172.58,2761280
Jacket 408,4.9,3,L,Unisex,2025-05-07 02:31:29.286920,261.0,4176000
Crewneck 409,3.5,3,XL,Men,2025-05-07 02:31:29.287922,201.36,3221760
T-shirt 410,3.1,3,XXL,Women,2025-05-07 02:31:29.287922,99.17,1586720
Pants 412,4.4,3,M,Men,2025-05-07 02:31:29.287922,339.89,5438240
Outerwear 413,3.4,3,L,Women,2025-05-07 02:31:29.287922,81.65,1306400
Jacket 414,3.7,3,XL,Unisex,2025-05-07 02:31:29.287922,139.67,2234720
Crewneck 415,3.1,3,XXL,Men,2025-05-07 02:31:29.288817,226.09,3617440
T-shirt 416,3.1,3,S,Women,2025-05-07 02:31:29.288817,278.38,4454080
Hoodie 417,4.6,3,M,Unisex,2025-05-07 02:31:29.289325,173.09,2769440
Pants 418,5.0,3,L,Men,2025-05-07 02:31:29.289325,394.24,6307840
Outerwear 419,5.0,3,XL,Women,2025-05-07 02:31:29.289325,437.75,7004000
Jacket 420,3.1,3,XXL,Unisex,2025-05-07 02:31:29.289325,154.54,2472640
T-shirt 422,3.9,3,M,Women,2025-05-07 02:31:31.481043,57.77,924320
Hoodie 423,3.7,3,L,Unisex,2025-05-07 02:31:31.481043,287.61,4601760
Pants 424,4.4,3,XL,Men,2025-05-07 02:31:31.482047,241.61,3865760
Outerwear 425,4.8,3,XXL,Women,2025-05-07 02:31:31.482047,158.03,2528480
Jacket 426,3.4,3,S,Unisex,2025-05-07 02:31:31.482047,216.4,3462400
Crewneck 427,3.3,3,M,Men,2025-05-07 02:31:31.483067,398.45,6375200
T-shirt 428,4.9,3,L,Women,2025-05-07 02:31:31.483067,440.82,7053120
Hoodie 429,4.9,3,XL,Unisex,2025-05-07 02:31:31.483067,103.66,1658560
Pants 430,3.9,3,XXL,Men,2025-05-07 02:31:31.484065,90.13,1442080
Jacket 432,4.5,3,M,Unisex,2025-05-07 02:31:31.484065,134.49,2151840
Crewneck 433,4.2,3,L,Men,2025-05-07 02:31:31.485066,242.03,3872480
T-shirt 434,4.9,3,XL,Women,2025-05-07 02:31:31.485066,409.82,6557120
Hoodie 435,4.0,3,XXL,Unisex,2025-05-07 02:31:31.485066,63.48,1015680
Outerwear 437,3.9,3,M,Women,2025-05-07 02:31:31.486582,63.55,1016800
Jacket 438,4.5,3,L,Unisex,2025-05-07 02:31:31.486703,153.32,2453120
Crewneck 439,3.2,3,XL,Men,2025-05-07 02:31:31.486703,250.34,4005440
T-shirt 440,3.0,3,XXL,Women,2025-05-07 02:31:31.487603,332.88,5326080
Pants 442,4.3,3,M,Men,2025-05-07 02:31:33.661824,293.85,4701600
Outerwear 443,4.2,3,L,Women,2025-05-07 02:31:33.661824,453.92,7262720
Jacket 444,3.3,3,XL,Unisex,2025-05-07 02:31:33.661824,251.06,4016960
Crewneck 445,4.5,3,XXL,Men,2025-05-07 02:31:33.661824,223.39,3574240
T-shirt 446,3.2,3,S,Women,2025-05-07 02:31:33.662831,483.76,7740160
Hoodie 447,4.0,3,M,Unisex,2025-05-07 02:31:33.662831,296.79,4748640
Pants 448,4.4,3,L,Men,2025-05-07 02:31:33.662831,51.26,820160
Outerwear 449,4.0,3,XL,Women,2025-05-07 02:31:33.662831,400.63,6410080
Jacket 450,3.1,3,XXL,Unisex,2025-05-07 02:31:33.662831,547.18,8754880
T-shirt 452,4.4,3,M,Women,2025-05-07 02:31:33.663781,430.8,6892800
Hoodie 453,4.2,3,L,Unisex,2025-05-07 02:31:33.663781,411.06,6576960
Pants 454,5.0,3,XL,Men,2025-05-07 02:31:33.663781,136.22,2179520
Outerwear 455,4.8,3,XXL,Women,2025-05-07 02:31:33.664727,68.38,1094080
Jacket 456,4.1,3,S,Unisex,2025-05-07 02:31:33.664727,506.0,8096000
Crewneck 457,4.8,3,M,Men,2025-05-07 02:31:33.664727,458.93,7342880
T-shirt 458,4.4,3,L,Women,2025-05-07 02:31:33.664727,265.0,4240000
Hoodie 459,3.5,3,XL,Unisex,2025-05-07 02:31:33.664727,202.33,3237280
Pants 460,3.6,3,XXL,Men,2025-05-07 02:31:33.664727,117.55,1880800
Jacket 462,4.5,3,M,Unisex,2025-05-07 02:31:35.835931,422.99,6767840
Crewneck 463,4.5,3,L,Men,2025-05-07 02:31:35.835931,471.22,7539520
T-shirt 464,4.5,3,XL,Women,2025-05-07 02:31:35.835931,379.38,6070080
Hoodie 465,4.7,3,XXL,Unisex,2025-05-07 02:31:35.836898,385.27,6164320
Outerwear 467,3.5,3,M,Women,2025-05-07 02:31:35.836898,82.87,1325920
Jacket 468,3.7,3,L,Unisex,2025-05-07 02:31:35.837904,286.56,4584960
Crewneck 469,4.2,3,XL,Men,2025-05-07 02:31:35.837904,108.68,1738880
T-shirt 470,3.1,3,XXL,Women,2025-05-07 02:31:35.837904,483.68,7738880
Pants 472,3.1,3,M,Men,2025-05-07 02:31:35.838836,243.88,3902080
Outerwear 473,4.2,3,L,Women,2025-05-07 02:31:35.838836,342.38,5478080
Jacket 474,4.7,3,XL,Unisex,2025-05-07 02:31:35.839345,366.56,5864960
Crewneck 475,4.6,3,XXL,Men,2025-05-07 02:31:35.839345,438.58,7017280
T-shirt 476,4.3,3,S,Women,2025-05-07 02:31:35.839345,249.14,3986240
Hoodie 477,4.2,3,M,Unisex,2025-05-07 02:31:35.839345,414.13,6626080
Pants 478,3.8,3,L,Men,2025-05-07 02:31:35.840462,307.0,4912000
Outerwear 479,4.4,3,XL,Women,2025-05-07 02:31:35.840677,456.4,7302400
Jacket 480,4.2,3,XXL,Unisex,2025-05-07 02:31:35.840677,311.64,4986240
T-shirt 482,4.8,3,M,Women,2025-05-07 02:31:37.963301,209.53,3352480
Hoodie 483,4.2,3,L,Unisex,2025-05-07 02:31:37.964298,252.19,4035040
Pants 484,4.1,3,XL,Men,2025-05-07 02:31:37.964298,401.79,6428640
Outerwear 485,4.7,3,XXL,Women,2025-05-07 02:31:37.964298,252.78,4044480
Jacket 486,3.0,3,S,Unisex,2025-05-07 02:31:37.964298,160.86,2573760
Crewneck 487,3.7,3,M,Men,2025-05-07 02:31:37.965304,434.72,6955520
T-shirt 488,3.8,3,L,Women,2025-05-07 02:31:37.965304,549.36,8789760
Hoodie 489,5.0,3,XL,Unisex,2025-05-07 02:31:37.965304,222.16,3554560
Pants 490,3.1,3,XXL,Men,2025-05-07 02:31:37.965304,442.6,7081600
Jacket 492,3.0,3,M,Unisex,2025-05-07 02:31:37.965304,375.74,6011840
Crewneck 493,4.8,3,L,Men,2025-05-07 02:31:37.966299,316.97,5071520
T-shirt 494,3.4,3,XL,Women,2025-05-07 02:31:37.966299,86.88,1390080
Hoodie 495,4.5,3,XXL,Unisex,2025-05-07 02:31:37.966299,103.95,1663200
Outerwear 497,4.4,3,M,Women,2025-05-07 02:31:37.966299,247.36,3957760
Jacket 498,4.6,3,L,Unisex,2025-05-07 02:31:37.967299,275.8,4412800
Crewneck 499,4.1,3,XL,Men,2025-05-07 02:31:37.967299,489.12,7825920
T-shirt 500,4.2,3,XXL,Women,2025-05-07 02:31:37.967299,507.15,8114400
Pants 502,4.4,3,M,Men,2025-05-07 02:31:40.131429,445.78,7132480
Outerwear 503,4.8,3,L,Women,2025-05-07 02:31:40.131429,307.78,4924480
Jacket 504,5.0,3,XL,Unisex,2025-05-07 02:31:40.131429,501.53,8024480
Crewneck 505,4.3,3,XXL,Men,2025-05-07 02:31:40.131429,546.73,8747680
T-shirt 506,3.6,3,S,Women,2025-05-07 02:31:40.131429,535.75,8572000
Hoodie 507,4.7,3,M,Unisex,2025-05-07 02:31:40.132498,427.75,6844000
Pants 508,3.5,3,L,Men,2025-05-07 02:31:40.132498,485.38,7766080
Outerwear 509,3.1,3,XL,Women,2025-05-07 02:31:40.132498,448.65,7178400
Jacket 510,3.4,3,XXL,Unisex,2025-05-07 02:31:40.132498,97.63,1562080
T-shirt 512,3.7,3,M,Women,2025-05-07 02:31:40.133535,269.98,4319680
Hoodie 513,4.4,3,L,Unisex,2025-05-07 02:31:40.133535,105.86,1693760
Pants 514,3.9,3,XL,Men,2025-05-07 02:31:40.133535,430.56,6888960
Outerwear 515,3.1,3,XXL,Women,2025-05-07 02:31:40.133535,453.91,7262560
Jacket 516,3.4,3,S,Unisex,2025-05-07 02:31:40.133535,445.67,7130720
Crewneck 517,3.5,3,M,Men,2025-05-07 02:31:40.133535,66.83,1069280
T-shirt 518,4.1,3,L,Women,2025-05-07 02:31:40.134535,160.98,2575680
Hoodie 519,4.5,3,XL,Unisex,2025-05-07 02:31:40.134535,139.76,2236160
Pants 520,3.8,3,XXL,Men,2025-05-07 02:31:40.134535,144.27,2308320
Jacket 522,4.0,3,M,Unisex,2025-05-07 02:31:42.246502,393.31,6292960
Crewneck 523,4.6,3,L,Men,2025-05-07 02:31:42.246502,226.67,3626720
T-shirt 524,3.8,3,XL,Women,2025-05-07 02:31:42.246502,58.5,936000
Hoodie 525,3.6,3,XXL,Unisex,2025-05-07 02:31:42.247505,494.94,7919040
Outerwear 527,3.6,3,M,Women,2025-05-07 02:31:42.247505,291.83,4669280
Jacket 528,4.0,3,L,Unisex,2025-05-07 02:31:42.247505,349.74,5595840
Crewneck 529,3.2,3,XL,Men,2025-05-07 02:31:42.247505,88.76,1420160
T-shirt 530,3.3,3,XXL,Women,2025-05-07 02:31:42.247505,385.86,6173760
Pants 532,4.1,3,M,Men,2025-05-07 02:31:42.248503,524.45,8391200
Outerwear 533,4.2,3,L,Women,2025-05-07 02:31:42.248503,210.64,3370240
Jacket 534,3.7,3,XL,Unisex,2025-05-07 02:31:42.248503,217.45,3479200
Crewneck 535,3.7,3,XXL,Men,2025-05-07 02:31:42.248503,243.83,3901280
T-shirt 536,3.0,3,S,Women,2025-05-07 02:31:42.248503,318.28,5092480
Hoodie 537,3.1,3,M,Unisex,2025-05-07 02:31:42.248503,541.99,8671840
Pants 538,3.4,3,L,Men,2025-05-07 02:31:42.248503,383.39,6134240
Outerwear 539,4.7,3,XL,Women,2025-05-07 02:31:42.250116,293.29,4692640
Jacket 540,4.4,3,XXL,Unisex,2025-05-07 02:31:42.250116,440.74,7051840
T-shirt 542,3.5,3,M,Women,2025-05-07 02:31:44.422655,297.59,4761440
Hoodie 543,4.7,3,L,Unisex,2025-05-07 02:31:44.422655,544.73,8715680
Pants 544,3.1,3,XL,Men,2025-05-07 02:31:44.422655,372.36,5957760
Outerwear 545,4.0,3,XXL,Women,2025-05-07 02:31:44.422655,223.71,3579360
Jacket 546,3.3,3,S,Unisex,2025-05-07 02:31:44.423688,391.97,6271520
Crewneck 547,3.9,3,M,Men,2025-05-07 02:31:44.423688,335.07,5361120
T-shirt 548,4.6,3,L,Women,2025-05-07 02:31:44.423688,167.89,2686240
Hoodie 549,3.7,3,XL,Unisex,2025-05-07 02:31:44.423688,167.95,2687200
Pants 550,4.9,3,XXL,Men,2025-05-07 02:31:44.423688,278.13,4450080
Jacket 552,4.1,3,M,Unisex,2025-05-07 02:31:44.424694,336.27,5380320
Crewneck 553,3.8,3,L,Men,2025-05-07 02:31:44.424694,485.05,7760800
T-shirt 554,4.5,3,XL,Women,2025-05-07 02:31:44.424694,250.07,4001120
Hoodie 555,3.0,3,XXL,Unisex,2025-05-07 02:31:44.424694,113.1,1809600
Outerwear 557,3.4,3,M,Women,2025-05-07 02:31:44.425686,341.28,5460480
Jacket 558,4.0,3,L,Unisex,2025-05-07 02:31:44.425686,312.94,5007040
Crewneck 559,3.5,3,XL,Men,2025-05-07 02:31:44.425686,99.43,1590880
T-shirt 560,4.2,3,XXL,Women,2025-05-07 02:31:44.425686,430.33,6885280
Pants 562,4.5,3,M,Men,2025-05-07 02:31:46.563668,232.76,3724160
Outerwear 563,4.7,3,L,Women,2025-05-07 02:31:46.563668,512.34,8197440
Jacket 564,4.3,3,XL,Unisex,2025-05-07 02:31:46.563668,519.95,8319200
Crewneck 565,3.5,3,XXL,Men,2025-05-07 02:31:46.563668,477.2,7635200
T-shirt 566,4.6,3,S,Women,2025-05-07 02:31:46.564666,163.21,2611360
Hoodie 567,3.2,3,M,Unisex,2025-05-07 02:31:46.564666,286.01,4576160
Pants 568,3.3,3,L,Men,2025-05-07 02:31:46.564666,186.51,2984160
Outerwear 569,4.7,3,XL,Women,2025-05-07 02:31:46.564666,310.43,4966880
Jacket 570,3.9,3,XXL,Unisex,2025-05-07 02:31:46.564666,250.06,4000960
T-shirt 572,3.2,3,M,Women,2025-05-07 02:31:46.565667,297.27,4756320
Hoodie 573,4.5,3,L,Unisex,2025-05-07 02:31:46.565667,434.63,6954080
Pants 574,3.8,3,XL,Men,2025-05-07 02:31:46.565667,151.5,2424000
Outerwear 575,3.4,3,XXL,Women,2025-05-07 02:31:46.565667,219.86,3517760
Jacket 576,3.5,3,S,Unisex,2025-05-07 02:31:46.566678,50.35,805600
Crewneck 577,3.3,3,M,Men,2025-05-07 02:31:46.566678,492.12,7873920
T-shirt 578,4.1,3,L,Women,2025-05-07 02:31:46.566678,497.43,7958880
Hoodie 579,4.4,3,XL,Unisex,2025-05-07 02:31:46.566678,276.79,4428640
Pants 580,3.3,3,XXL,Men,2025-05-07 02:31:46.566678,164.09,2625440
Jacket 582,4.1,3,M,Unisex,2025-05-07 02:31:48.737085,257.01,4112160
Crewneck 583,4.5,3,L,Men,2025-05-07 02:31:48.737085,358.61,5737760
T-shirt 584,4.8,3,XL,Women,2025-05-07 02:31:48.738116,435.31,6964960
Hoodie 585,4.9,3,XXL,Unisex,2025-05-07 02:31:48.738116,386.68,6186880
Outerwear 587,4.4,3,M,Women,2025-05-07 02:31:48.738116,276.56,4424960
Jacket 588,4.7,3,L,Unisex,2025-05-07 02:31:48.739219,310.19,4963040
Crewneck 589,4.7,3,XL,Men,2025-05-07 02:31:48.739219,58.24,931840
T-shirt 590,3.9,3,XXL,Women,2025-05-07 02:31:48.739219,403.57,6457120
Pants 592,4.3,3,M,Men,2025-05-07 02:31:48.739219,425.34,6805440
Outerwear 593,3.9,3,L,Women,2025-05-07 02:31:48.740216,447.74,7163840
Jacket 594,4.2,3,XL,Unisex,2025-05-07 02:31:48.740216,544.23,8707680
Crewneck 595,3.5,3,XXL,Men,2025-05-07 02:31:48.740216,232.74,3723840
T-shirt 596,4.4,3,S,Women,2025-05-07 02:31:48.740843,518.15,8290400
Hoodie 597,3.3,3,M,Unisex,2025-05-07 02:31:48.740843,498.09,7969440
Pants 598,4.1,3,L,Men,2025-05-07 02:31:48.740843,294.63,4714080
Outerwear 599,3.3,3,XL,Women,2025-05-07 02:31:48.741859,73.69,1179040
Jacket 600,3.0,3,XXL,Unisex,2025-05-07 02:31:48.741859,400.88,6414080
T-shirt 602,4.4,3,M,Women,2025-05-07 02:31:50.900804,141.31,2260960
Hoodie 603,3.1,3,L,Unisex,2025-05-07 02:31:50.900804,469.47,7511520
Pants 604,4.3,3,XL,Men,2025-05-07 02:31:50.901907,478.89,7662240
Outerwear 605,3.7,3,XXL,Women,2025-05-07 02:31:50.901907,106.92,1710720
Jacket 606,4.6,3,S,Unisex,2025-05-07 02:31:50.901907,360.67,5770720
Crewneck 607,3.1,3,M,Men,2025-05-07 02:31:50.901907,241.1,3857600
T-shirt 608,4.6,3,L,Women,2025-05-07 02:31:50.901907,440.49,7047840
Hoodie 609,4.1,3,XL,Unisex,2025-05-07 02:31:50.901907,184.77,2956320
Pants 610,3.3,3,XXL,Men,2025-05-07 02:31:50.902925,282.21,4515360
Jacket 612,3.1,3,M,Unisex,2025-05-07 02:31:50.902925,200.17,3202720
Crewneck 613,3.6,3,L,Men,2025-05-07 02:31:50.902925,63.37,1013920
T-shirt 614,3.1,3,XL,Women,2025-05-07 02:31:50.902925,151.76,2428160
Hoodie 615,4.8,3,XXL,Unisex,2025-05-07 02:31:50.903922,299.92,4798720
Outerwear 617,4.3,3,M,Women,2025-05-07 02:31:50.903922,110.37,1765920
Jacket 618,3.3,3,L,Unisex,2025-05-07 02:31:50.903922,404.63,6474080
Crewneck 619,4.4,3,XL,Men,2025-05-07 02:31:50.903922,521.29,8340639
T-shirt 620,3.3,3,XXL,Women,2025-05-07 02:31:50.904921,141.89,2270240
Pants 622,3.5,3,M,Men,2025-05-07 02:31:53.078605,303.1,4849600
Outerwear 623,4.6,3,L,Women,2025-05-07 02:31:53.078605,456.22,7299520
Jacket 624,3.9,3,XL,Unisex,2025-05-07 02:31:53.078605,433.95,6943200
Crewneck 625,4.1,3,XXL,Men,2025-05-07 02:31:53.080222,489.15,7826400
T-shirt 626,4.5,3,S,Women,2025-05-07 02:31:53.080419,486.09,7777440
Hoodie 627,3.2,3,M,Unisex,2025-05-07 02:31:53.080419,77.02,1232320
Pants 628,4.3,3,L,Men,2025-05-07 02:31:53.080419,507.07,8113120
Outerwear 629,4.4,3,XL,Women,2025-05-07 02:31:53.080419,249.87,3997920
Jacket 630,3.8,3,XXL,Unisex,2025-05-07 02:31:53.081239,62.73,1003680
T-shirt 632,3.6,3,M,Women,2025-05-07 02:31:53.081239,269.64,4314240
Hoodie 633,3.1,3,L,Unisex,2025-05-07 02:31:53.081239,195.5,3128000
Pants 634,3.9,3,XL,Men,2025-05-07 02:31:53.082234,533.48,8535680
Outerwear 635,4.1,3,XXL,Women,2025-05-07 02:31:53.082234,431.07,6897120
Jacket 636,4.5,3,S,Unisex,2025-05-07 02:31:53.082234,217.27,3476320
Crewneck 637,4.0,3,M,Men,2025-05-07 02:31:53.082234,376.89,6030240
T-shirt 638,4.6,3,L,Women,2025-05-07 02:31:53.082234,326.31,5220960
Hoodie 639,4.7,3,XL,Unisex,2025-05-07 02:31:53.083233,423.92,6782720
Pants 640,3.8,3,XXL,Men,2025-05-07 02:31:53.083233,189.91,3038560
Jacket 642,4.7,3,M,Unisex,2025-05-07 02:31:55.194025,484.21,7747360
Crewneck 643,3.2,3,L,Men,2025-05-07 02:31:55.194025,382.25,6116000
T-shirt 644,4.2,3,XL,Women,2025-05-07 02:31:55.195025,467.46,7479360
Hoodie 645,3.3,3,XXL,Unisex,2025-05-07 02:31:55.195025,205.34,3285440
Outerwear 647,3.8,3,M,Women,2025-05-07 02:31:55.195025,269.06,4304960
Jacket 648,4.5,3,L,Unisex,2025-05-07 02:31:55.195025,543.72,8699520
Crewneck 649,3.2,3,XL,Men,2025-05-07 02:31:55.196028,536.76,8588160
T-shirt 650,3.4,3,XXL,Women,2025-05-07 02:31:55.196028,500.8,8012800
Pants 652,3.3,3,M,Men,2025-05-07 02:31:55.196028,380.31,6084960
Outerwear 653,4.0,3,L,Women,2025-05-07 02:31:55.196028,163.88,2622080
Jacket 654,4.7,3,XL,Unisex,2025-05-07 02:31:55.197027,255.59,4089440
Crewneck 655,4.1,3,XXL,Men,2025-05-07 02:31:55.197027,114.64,1834240
T-shirt 656,4.2,3,S,Women,2025-05-07 02:31:55.197027,158.67,2538720
Hoodie 657,4.8,3,M,Unisex,2025-05-07 02:31:55.198024,528.69,8459040
Pants 658,3.8,3,L,Men,2025-05-07 02:31:55.198024,391.77,6268320
Outerwear 659,3.3,3,XL,Women,2025-05-07 02:31:55.198024,113.62,1817920
Jacket 660,3.5,3,XXL,Unisex,2025-05-07 02:31:55.198024,544.7,8715200
T-shirt 662,4.5,3,M,Women,2025-05-07 02:31:57.403565,88.92,1422720
Hoodie 663,4.0,3,L,Unisex,2025-05-07 02:31:57.403565,442.95,7087200
Pants 664,3.5,3,XL,Men,2025-05-07 02:31:57.403565,515.54,8248639
Outerwear 665,3.2,3,XXL,Women,2025-05-07 02:31:57.404482,252.1,4033600
Jacket 666,3.9,3,S,Unisex,2025-05-07 02:31:57.404482,302.75,4844000
Crewneck 667,3.7,3,M,Men,2025-05-07 02:31:57.404482,109.79,1756640
T-shirt 668,3.7,3,L,Women,2025-05-07 02:31:57.405585,315.29,5044640
Hoodie 669,3.3,3,XL,Unisex,2025-05-07 02:31:57.405585,146.63,2346080
Pants 670,4.8,3,XXL,Men,2025-05-07 02:31:57.405585,525.42,8406720
Jacket 672,4.5,3,M,Unisex,2025-05-07 02:31:57.405585,298.51,4776160
Crewneck 673,4.7,3,L,Men,2025-05-07 02:31:57.406468,175.21,2803360
T-shirt 674,3.1,3,XL,Women,2025-05-07 02:31:57.406468,197.29,3156640
Hoodie 675,3.2,3,XXL,Unisex,2025-05-07 02:31:57.406468,269.68,4314880
Outerwear 677,3.3,3,M,Women,2025-05-07 02:31:57.406468,291.09,4657440
Jacket 678,4.3,3,L,Unisex,2025-05-07 02:31:57.407474,173.57,2777120
Crewneck 679,3.2,3,XL,Men,2025-05-07 02:31:57.407474,398.32,6373120
T-shirt 680,3.2,3,XXL,Women,2025-05-07 02:31:57.407474,510.3,8164800
Pants 682,3.9,3,M,Men,2025-05-07 02:31:59.588712,476.03,7616480
Outerwear 683,3.6,3,L,Women,2025-05-07 02:31:59.588712,244.21,3907360
Jacket 684,3.5,3,XL,Unisex,2025-05-07 02:31:59.588712,443.91,7102560
Crewneck 685,4.6,3,XXL,Men,2025-05-07 02:31:59.588712,93.49,1495840
T-shirt 686,3.8,3,S,Women,2025-05-07 02:31:59.590256,336.36,5381760
Hoodie 687,4.7,3,M,Unisex,2025-05-07 02:31:59.590371,263.8,4220800
Pants 688,4.4,3,L,Men,2025-05-07 02:31:59.590371,92.97,1487520
Outerwear 689,4.6,3,XL,Women,2025-05-07 02:31:59.590371,121.19,1939040
Jacket 690,4.7,3,XXL,Unisex,2025-05-07 02:31:59.590371,548.91,8782560
T-shirt 692,4.1,3,M,Women,2025-05-07 02:31:59.591276,88.53,1416480
Hoodie 693,4.1,3,L,Unisex,2025-05-07 02:31:59.591276,189.48,3031680
Pants 694,3.4,3,XL,Men,2025-05-07 02:31:59.591276,154.17,2466720
Outerwear 695,3.3,3,XXL,Women,2025-05-07 02:31:59.591276,59.96,959360
Jacket 696,4.2,3,S,Unisex,2025-05-07 02:31:59.591276,321.64,5146240
Crewneck 697,5.0,3,M,Men,2025-05-07 02:31:59.591276,409.07,6545120
T-shirt 698,4.1,3,L,Women,2025-05-07 02:31:59.592464,152.81,2444960
Hoodie 699,4.5,3,XL,Unisex,2025-05-07 02:31:59.592464,328.14,5250240
Pants 700,4.3,3,XXL,Men,2025-05-07 02:31:59.592464,220.41,3526560
Jacket 702,4.3,3,M,Unisex,2025-05-07 02:32:01.780019,307.98,4927680
Crewneck 703,4.2,3,L,Men,2025-05-07 02:32:01.780019,184.32,2949120
T-shirt 704,4.1,3,XL,Women,2025-05-07 02:32:01.780648,388.39,6214240
Hoodie 705,3.1,3,XXL,Unisex,2025-05-07 02:32:01.780648,190.18,3042880
Outerwear 707,4.4,3,M,Women,2025-05-07 02:32:01.780648,484.14,7746240
Jacket 708,4.3,3,L,Unisex,2025-05-07 02:32:01.780648,533.83,8541280
Crewneck 709,3.9,3,XL,Men,2025-05-07 02:32:01.780648,438.9,7022400
T-shirt 710,3.2,3,XXL,Women,2025-05-07 02:32:01.781752,234.47,3751520
Pants 712,4.1,3,M,Men,2025-05-07 02:32:01.781752,94.4,1510400
Outerwear 713,4.4,3,L,Women,2025-05-07 02:32:01.781752,196.43,3142880
Jacket 714,3.1,3,XL,Unisex,2025-05-07 02:32:01.781752,55.77,892320
Crewneck 715,3.9,3,XXL,Men,2025-05-07 02:32:01.782767,438.86,7021760
T-shirt 716,4.9,3,S,Women,2025-05-07 02:32:01.782767,225.16,3602560
Hoodie 717,3.6,3,M,Unisex,2025-05-07 02:32:01.782767,95.8,1532800
Pants 718,3.2,3,L,Men,2025-05-07 02:32:01.782767,253.57,4057120
Outerwear 719,4.7,3,XL,Women,2025-05-07 02:32:01.782767,198.31,3172960
Jacket 720,3.8,3,XXL,Unisex,2025-05-07 02:32:01.783774,126.77,2028320
T-shirt 722,3.2,3,M,Women,2025-05-07 02:32:03.957488,545.27,8724320
Hoodie 723,3.4,3,L,Unisex,2025-05-07 02:32:03.957488,354.05,5664800
Pants 724,4.7,3,XL,Men,2025-05-07 02:32:03.958671,301.55,4824800
Outerwear 725,3.0,3,XXL,Women,2025-05-07 02:32:03.958671,311.2,4979200
Jacket 726,3.5,3,S,Unisex,2025-05-07 02:32:03.958671,396.62,6345920
Crewneck 727,4.8,3,M,Men,2025-05-07 02:32:03.958671,251.5,4024000
T-shirt 728,3.0,3,L,Women,2025-05-07 02:32:03.958671,510.84,8173440
Hoodie 729,3.6,3,XL,Unisex,2025-05-07 02:32:03.960183,401.96,6431360
Pants 730,4.5,3,XXL,Men,2025-05-07 02:32:03.960310,451.8,7228800
Jacket 732,3.9,3,M,Unisex,2025-05-07 02:32:03.960310,412.35,6597600
Crewneck 733,4.7,3,L,Men,2025-05-07 02:32:03.961203,72.68,1162880
T-shirt 734,4.2,3,XL,Women,2025-05-07 02:32:03.961203,428.66,6858560
Hoodie 735,4.0,3,XXL,Unisex,2025-05-07 02:32:03.961203,291.52,4664320
Outerwear 737,4.7,3,M,Women,2025-05-07 02:32:03.961203,63.48,1015680
Jacket 738,3.7,3,L,Unisex,2025-05-07 02:32:03.962520,118.37,1893920
Crewneck 739,3.3,3,XL,Men,2025-05-07 02:32:03.962520,504.56,8072960
T-shirt 740,3.4,3,XXL,Women,2025-05-07 02:32:03.962520,438.54,7016640
Pants 742,3.6,3,M,Men,2025-05-07 02:32:06.144359,351.63,5626080
Outerwear 743,3.0,3,L,Women,2025-05-07 02:32:06.144359,354.88,5678080
Jacket 744,4.1,3,XL,Unisex,2025-05-07 02:32:06.144359,323.48,5175680
Crewneck 745,3.8,3,XXL,Men,2025-05-07 02:32:06.144359,180.16,2882560
T-shirt 746,5.0,3,S,Women,2025-05-07 02:32:06.144359,94.84,1517440
Hoodie 747,4.7,3,M,Unisex,2025-05-07 02:32:06.144359,395.43,6326880
Pants 748,3.7,3,L,Men,2025-05-07 02:32:06.145468,195.88,3134080
Outerwear 749,3.2,3,XL,Women,2025-05-07 02:32:06.145468,164.21,2627360
Jacket 750,3.7,3,XXL,Unisex,2025-05-07 02:32:06.145468,64.4,1030400
T-shirt 752,3.8,3,M,Women,2025-05-07 02:32:06.145468,464.47,7431520
Hoodie 753,4.8,3,L,Unisex,2025-05-07 02:32:06.146474,508.6,8137600
Pants 754,3.1,3,XL,Men,2025-05-07 02:32:06.146474,451.86,7229760
Outerwear 755,4.6,3,XXL,Women,2025-05-07 02:32:06.146474,431.9,6910400
Jacket 756,3.1,3,S,Unisex,2025-05-07 02:32:06.146474,445.5,7128000
Crewneck 757,4.4,3,M,Men,2025-05-07 02:32:06.146474,473.92,7582720
T-shirt 758,3.1,3,L,Women,2025-05-07 02:32:06.146474,376.62,6025920
Hoodie 759,4.7,3,XL,Unisex,2025-05-07 02:32:06.147469,173.74,2779840
Pants 760,4.1,3,XXL,Men,2025-05-07 02:32:06.147469,136.94,2191040
Jacket 762,4.9,3,M,Unisex,2025-05-07 02:32:08.263463,255.74,4091840
Crewneck 763,3.9,3,L,Men,2025-05-07 02:32:08.263463,362.04,5792640
T-shirt 764,3.4,3,XL,Women,2025-05-07 02:32:08.263463,450.73,7211680
Hoodie 765,4.9,3,XXL,Unisex,2025-05-07 02:32:08.263463,83.96,1343360
Outerwear 767,4.5,3,M,Women,2025-05-07 02:32:08.264457,259.55,4152800
Jacket 768,4.9,3,L,Unisex,2025-05-07 02:32:08.264457,353.88,5662080
Crewneck 769,3.3,3,XL,Men,2025-05-07 02:32:08.264457,393.41,6294560
T-shirt 770,3.5,3,XXL,Women,2025-05-07 02:32:08.264457,103.44,1655040
Pants 772,3.4,3,M,Men,2025-05-07 02:32:08.265460,546.76,8748160
Outerwear 773,3.2,3,L,Women,2025-05-07 02:32:08.265460,212.1,3393600
Jacket 774,4.1,3,XL,Unisex,2025-05-07 02:32:08.265460,92.86,1485760
Crewneck 775,3.1,3,XXL,Men,2025-05-07 02:32:08.265460,511.84,8189440
T-shirt 776,3.7,3,S,Women,2025-05-07 02:32:08.265460,333.32,5333120
Hoodie 777,3.4,3,M,Unisex,2025-05-07 02:32:08.266460,381.55,6104800
Pants 778,4.2,3,L,Men,2025-05-07 02:32:08.266460,377.17,6034720
Outerwear 779,3.2,3,XL,Women,2025-05-07 02:32:08.266460,363.53,5816480
Jacket 780,3.4,3,XXL,Unisex,2025-05-07 02:32:08.266460,172.97,2767520
T-shirt 782,4.5,3,M,Women,2025-05-07 02:32:10.445581,257.34,4117439
Hoodie 783,3.0,3,L,Unisex,2025-05-07 02:32:10.445581,156.92,2510720
Pants 784,3.0,3,XL,Men,2025-05-07 02:32:10.445581,333.83,5341280
Outerwear 785,4.3,3,XXL,Women,2025-05-07 02:32:10.446577,402.78,6444480
Jacket 786,5.0,3,S,Unisex,2025-05-07 02:32:10.446577,421.83,6749280
Crewneck 787,4.7,3,M,Men,2025-05-07 02:32:10.446577,287.1,4593600
T-shirt 788,4.7,3,L,Women,2025-05-07 02:32:10.447475,190.07,3041120
Hoodie 789,4.0,3,XL,Unisex,2025-05-07 02:32:10.447475,134.58,2153280
Pants 790,3.2,3,XXL,Men,2025-05-07 02:32:10.447475,106.77,1708320
Jacket 792,3.8,3,M,Unisex,2025-05-07 02:32:10.448473,254.31,4068960
Crewneck 793,4.0,3,L,Men,2025-05-07 02:32:10.448473,540.63,8650080
T-shirt 794,4.0,3,XL,Women,2025-05-07 02:32:10.448473,373.94,5983040
Hoodie 795,3.9,3,XXL,Unisex,2025-05-07 02:32:10.449985,263.1,4209600
Outerwear 797,4.9,3,M,Women,2025-05-07 02:32:10.449985,173.21,2771360
Jacket 798,3.4,3,L,Unisex,2025-05-07 02:32:10.449985,274.44,4391040
Crewneck 799,4.2,3,XL,Men,2025-05-07 02:32:10.450998,253.05,4048800
T-shirt 800,4.6,3,XXL,Women,2025-05-07 02:32:10.450998,464.58,7433280
Pants 802,4.4,3,M,Men,2025-05-07 02:32:12.632968,356.89,5710240
Outerwear 803,4.3,3,L,Women,2025-05-07 02:32:12.632968,117.21,1875360
Jacket 804,3.9,3,XL,Unisex,2025-05-07 02:32:12.632968,278.69,4459040
Crewneck 805,4.8,3,XXL,Men,2025-05-07 02:32:12.632968,204.17,3266720
T-shirt 806,3.0,3,S,Women,2025-05-07 02:32:12.632968,456.91,7310560
Hoodie 807,4.7,3,M,Unisex,2025-05-07 02:32:12.633963,313.5,5016000
Pants 808,3.2,3,L,Men,2025-05-07 02:32:12.633963,544.86,8717760
Outerwear 809,3.7,3,XL,Women,2025-05-07 02:32:12.633963,447.66,7162560
Jacket 810,4.8,3,XXL,Unisex,2025-05-07 02:32:12.633963,237.29,3796640
T-shirt 812,4.2,3,M,Women,2025-05-07 02:32:12.633963,400.38,6406080
Hoodie 813,5.0,3,L,Unisex,2025-05-07 02:32:12.634968,304.55,4872800
Pants 814,4.7,3,XL,Men,2025-05-07 02:32:12.634968,69.38,1110080
Outerwear 815,4.8,3,XXL,Women,2025-05-07 02:32:12.634968,374.09,5985440
Jacket 816,4.5,3,S,Unisex,2025-05-07 02:32:12.634968,103.07,1649120
Crewneck 817,4.4,3,M,Men,2025-05-07 02:32:12.634968,546.51,8744160
T-shirt 818,3.8,3,L,Women,2025-05-07 02:32:12.635969,322.52,5160320
Hoodie 819,4.7,3,XL,Unisex,2025-05-07 02:32:12.635969,296.4,4742400
Pants 820,3.4,3,XXL,Men,2025-05-07 02:32:12.635969,376.92,6030720
Jacket 822,4.2,3,M,Unisex,2025-05-07 02:32:15.018062,52.39,838240
Crewneck 823,4.7,3,L,Men,2025-05-07 02:32:15.019059,381.47,6103520
T-shirt 824,4.1,3,XL,Women,2025-05-07 02:32:15.019059,206.34,3301440
Hoodie 825,3.8,3,XXL,Unisex,2025-05-07 02:32:15.019059,66.15,1058400
Outerwear 827,4.8,3,M,Women,2025-05-07 02:32:15.020063,443.19,7091040
Jacket 828,4.6,3,L,Unisex,2025-05-07 02:32:15.020063,145.25,2324000
Crewneck 829,4.4,3,XL,Men,2025-05-07 02:32:15.020063,289.4,4630400
T-shirt 830,3.0,3,XXL,Women,2025-05-07 02:32:15.021345,281.03,4496480
Pants 832,4.6,3,M,Men,2025-05-07 02:32:15.021345,247.21,3955360
Outerwear 833,3.0,3,L,Women,2025-05-07 02:32:15.021345,443.83,7101280
Jacket 834,3.1,3,XL,Unisex,2025-05-07 02:32:15.021345,451.48,7223680
Crewneck 835,3.9,3,XXL,Men,2025-05-07 02:32:15.022360,446.46,7143360
T-shirt 836,4.1,3,S,Women,2025-05-07 02:32:15.022360,379.09,6065440
Hoodie 837,5.0,3,M,Unisex,2025-05-07 02:32:15.022360,345.79,5532640
Pants 838,3.1,3,L,Men,2025-05-07 02:32:15.022360,178.05,2848800
Outerwear 839,3.9,3,XL,Women,2025-05-07 02:32:15.022360,263.02,4208320
Jacket 840,3.6,3,XXL,Unisex,2025-05-07 02:32:15.023359,510.29,8164640
T-shirt 842,3.3,3,M,Women,2025-05-07 02:32:17.223497,178.69,2859040
Hoodie 843,3.6,3,L,Unisex,2025-05-07 02:32:17.223497,187.32,2997120
Pants 844,3.9,3,XL,Men,2025-05-07 02:32:17.223497,463.93,7422880
Outerwear 845,3.2,3,XXL,Women,2025-05-07 02:32:17.223497,126.45,2023200
Jacket 846,3.6,3,S,Unisex,2025-05-07 02:32:17.223497,467.53,7480480
Crewneck 847,3.7,3,M,Men,2025-05-07 02:32:17.223497,299.37,4789920
T-shirt 848,4.1,3,L,Women,2025-05-07 02:32:17.224500,383.39,6134240
Hoodie 849,3.5,3,XL,Unisex,2025-05-07 02:32:17.224500,488.51,7816160
Pants 850,4.2,3,XXL,Men,2025-05-07 02:32:17.224500,259.01,4144160
Jacket 852,4.1,3,M,Unisex,2025-05-07 02:32:17.224500,173.58,2777280
Crewneck 853,3.4,3,L,Men,2025-05-07 02:32:17.225498,165.24,2643840
T-shirt 854,4.5,3,XL,Women,2025-05-07 02:32:17.225498,100.0,1600000
Hoodie 855,5.0,3,XXL,Unisex,2025-05-07 02:32:17.225498,203.11,3249760
Outerwear 857,3.0,3,M,Women,2025-05-07 02:32:17.225498,283.3,4532800
Jacket 858,3.7,3,L,Unisex,2025-05-07 02:32:17.226500,234.29,3748640
Crewneck 859,3.0,3,XL,Men,2025-05-07 02:32:17.226500,401.16,6418560
T-shirt 860,4.7,3,XXL,Women,2025-05-07 02:32:17.226500,151.21,2419360
Pants 862,3.3,3,M,Men,2025-05-07 02:32:19.427171,258.21,4131359
Outerwear 863,4.0,3,L,Women,2025-05-07 02:32:19.427171,66.96,1071360
Jacket 864,4.5,3,XL,Unisex,2025-05-07 02:32:19.428211,135.5,2168000
Crewneck 865,3.9,3,XXL,Men,2025-05-07 02:32:19.428211,425.32,6805120
T-shirt 866,3.2,3,S,Women,2025-05-07 02:32:19.428211,149.94,2399040
Hoodie 867,3.3,3,M,Unisex,2025-05-07 02:32:19.429208,81.49,1303840
Pants 868,4.6,3,L,Men,2025-05-07 02:32:19.429208,467.11,7473760
Outerwear 869,4.5,3,XL,Women,2025-05-07 02:32:19.429208,377.52,6040320
Jacket 870,3.5,3,XXL,Unisex,2025-05-07 02:32:19.430160,399.69,6395040
T-shirt 872,4.3,3,M,Women,2025-05-07 02:32:19.430160,83.98,1343680
Hoodie 873,4.8,3,L,Unisex,2025-05-07 02:32:19.430160,520.1,8321600
Pants 874,4.4,3,XL,Men,2025-05-07 02:32:19.430160,172.2,2755200
Outerwear 875,4.6,3,XXL,Women,2025-05-07 02:32:19.431473,156.67,2506720
Jacket 876,4.6,3,S,Unisex,2025-05-07 02:32:19.431473,201.61,3225760
Crewneck 877,4.6,3,M,Men,2025-05-07 02:32:19.431473,284.54,4552640
T-shirt 878,4.7,3,L,Women,2025-05-07 02:32:19.431473,300.61,4809760
Hoodie 879,3.1,3,XL,Unisex,2025-05-07 02:32:19.431473,64.18,1026880
Pants 880,4.3,3,XXL,Men,2025-05-07 02:32:19.432469,406.11,6497760
Jacket 882,3.3,3,M,Unisex,2025-05-07 02:32:21.608562,401.31,6420960
Crewneck 883,3.6,3,L,Men,2025-05-07 02:32:21.610083,368.82,5901120
T-shirt 884,4.3,3,XL,Women,2025-05-07 02:32:21.610233,463.42,7414720
Hoodie 885,3.4,3,XXL,Unisex,2025-05-07 02:32:21.610233,297.54,4760640
Outerwear 887,3.8,3,M,Women,2025-05-07 02:32:21.610233,487.9,7806400
Jacket 888,4.2,3,L,Unisex,2025-05-07 02:32:21.611100,491.83,7869280
Crewneck 889,4.6,3,XL,Men,2025-05-07 02:32:21.611100,395.87,6333920
T-shirt 890,4.7,3,XXL,Women,2025-05-07 02:32:21.611100,402.44,6439040
Pants 892,4.4,3,M,Men,2025-05-07 02:32:21.611100,532.21,8515360
Outerwear 893,3.2,3,L,Women,2025-05-07 02:32:21.612110,167.1,2673600
Jacket 894,4.8,3,XL,Unisex,2025-05-07 02:32:21.612110,184.16,2946560
Crewneck 895,4.3,3,XXL,Men,2025-05-07 02:32:21.612110,70.42,1126720
T-shirt 896,4.9,3,S,Women,2025-05-07 02:32:21.612110,492.11,7873760
Hoodie 897,3.1,3,M,Unisex,2025-05-07 02:32:21.612110,379.87,6077920
Pants 898,4.1,3,L,Men,2025-05-07 02:32:21.613105,525.54,8408640
Outerwear 899,4.8,3,XL,Women,2025-05-07 02:32:21.613105,387.06,6192960
Jacket 900,3.3,3,XXL,Unisex,2025-05-07 02:32:21.613105,450.89,7214240
T-shirt 902,3.6,3,M,Women,2025-05-07 02:32:23.848060,197.75,3164000
Hoodie 903,4.1,3,L,Unisex,2025-05-07 02:32:23.848060,163.62,2617920
Pants 904,3.9,3,XL,Men,2025-05-07 02:32:23.848060,209.77,3356320
Outerwear 905,4.9,3,XXL,Women,2025-05-07 02:32:23.849059,314.24,5027840
Jacket 906,3.9,3,S,Unisex,2025-05-07 02:32:23.849059,268.86,4301760
Crewneck 907,4.9,3,M,Men,2025-05-07 02:32:23.849568,545.79,8732640
T-shirt 908,4.2,3,L,Women,2025-05-07 02:32:23.850137,497.18,7954880
Hoodie 909,3.6,3,XL,Unisex,2025-05-07 02:32:23.851095,523.99,8383840
Pants 910,4.7,3,XXL,Men,2025-05-07 02:32:23.851095,149.7,2395200
Jacket 912,4.9,3,M,Unisex,2025-05-07 02:32:23.851095,490.83,7853280
Crewneck 913,3.5,3,L,Men,2025-05-07 02:32:23.851095,201.39,3222240
T-shirt 914,4.6,3,XL,Women,2025-05-07 02:32:23.851095,362.45,5799200
Hoodie 915,4.2,3,XXL,Unisex,2025-05-07 02:32:23.852555,165.57,2649120
Outerwear 917,4.0,3,M,Women,2025-05-07 02:32:23.852555,378.85,6061600
Jacket 918,3.3,3,L,Unisex,2025-05-07 02:32:23.852555,336.3,5380800
Crewneck 919,4.7,3,XL,Men,2025-05-07 02:32:23.852555,522.75,8364000
T-shirt 920,3.2,3,XXL,Women,2025-05-07 02:32:23.852555,231.63,3706080
Pants 922,4.4,3,M,Men,2025-05-07 02:32:26.056811,75.68,1210880
Outerwear 923,3.7,3,L,Women,2025-05-07 02:32:26.056811,152.24,2435840
Jacket 924,3.8,3,XL,Unisex,2025-05-07 02:32:26.057842,235.27,3764320
Crewneck 925,4.5,3,XXL,Men,2025-05-07 02:32:26.057842,493.8,7900800
T-shirt 926,4.6,3,S,Women,2025-05-07 02:32:26.057842,119.44,1911040
Hoodie 927,3.5,3,M,Unisex,2025-05-07 02:32:26.057842,481.65,7706400
Pants 928,3.4,3,L,Men,2025-05-07 02:32:26.057842,244.48,3911680
Outerwear 929,3.3,3,XL,Women,2025-05-07 02:32:26.058846,78.34,1253440
Jacket 930,4.9,3,XXL,Unisex,2025-05-07 02:32:26.058846,108.82,1741120
T-shirt 932,4.2,3,M,Women,2025-05-07 02:32:26.058846,371.1,5937600
Hoodie 933,3.4,3,L,Unisex,2025-05-07 02:32:26.058846,310.05,4960800
Pants 934,3.6,3,XL,Men,2025-05-07 02:32:26.058846,140.51,2248160
Outerwear 935,4.1,3,XXL,Women,2025-05-07 02:32:26.058846,378.0,6048000
Jacket 936,3.1,3,S,Unisex,2025-05-07 02:32:26.058846,385.34,6165440
Crewneck 937,4.1,3,M,Men,2025-05-07 02:32:26.058846,154.71,2475360
T-shirt 938,3.6,3,L,Women,2025-05-07 02:32:26.060501,253.65,4058400
Hoodie 939,4.8,3,XL,Unisex,2025-05-07 02:32:26.060501,279.13,4466080
Pants 940,3.7,3,XXL,Men,2025-05-07 02:32:26.060501,361.0,5776000
Jacket 942,3.0,3,M,Unisex,2025-05-07 02:32:28.167259,498.31,7972960
Crewneck 943,4.4,3,L,Men,2025-05-07 02:32:28.167259,285.69,4571040
T-shirt 944,4.6,3,XL,Women,2025-05-07 02:32:28.167259,98.64,1578240
Hoodie 945,4.2,3,XXL,Unisex,2025-05-07 02:32:28.167259,131.73,2107680
Outerwear 947,4.6,3,M,Women,2025-05-07 02:32:28.168259,442.48,7079680
Jacket 948,3.9,3,L,Unisex,2025-05-07 02:32:28.168259,287.53,4600480
Crewneck 949,4.4,3,XL,Men,2025-05-07 02:32:28.168259,115.27,1844320
T-shirt 950,4.9,3,XXL,Women,2025-05-07 02:32:28.168259,480.73,7691680
Pants 952,3.7,3,M,Men,2025-05-07 02:32:28.169259,447.19,7155040
Outerwear 953,3.8,3,L,Women,2025-05-07 02:32:28.169259,526.45,8423200
Jacket 954,4.1,3,XL,Unisex,2025-05-07 02:32:28.169259,242.42,3878720
Crewneck 955,4.7,3,XXL,Men,2025-05-07 02:32:28.170162,437.91,7006560
T-shirt 956,3.1,3,S,Women,2025-05-07 02:32:28.170162,278.6,4457600
Hoodie 957,4.4,3,M,Unisex,2025-05-07 02:32:28.170162,251.52,4024320
Pants 958,4.8,3,L,Men,2025-05-07 02:32:28.170677,246.64,3946240
Outerwear 959,4.6,3,XL,Women,2025-05-07 02:32:28.170677,426.78,6828480
Jacket 960,4.5,3,XXL,Unisex,2025-05-07 02:32:28.170677,365.01,5840160
T-shirt 962,4.1,3,M,Women,2025-05-07 02:32:30.272301,180.49,2887840
Hoodie 963,4.6,3,L,Unisex,2025-05-07 02:32:30.272301,494.76,7916160
Pants 964,3.3,3,XL,Men,2025-05-07 02:32:30.272301,242.83,3885280
Outerwear 965,4.5,3,XXL,Women,2025-05-07 02:32:30.272301,194.2,3107200
Jacket 966,4.9,3,S,Unisex,2025-05-07 02:32:30.273300,531.22,8499520
Crewneck 967,3.5,3,M,Men,2025-05-07 02:32:30.273300,109.0,1744000
T-shirt 968,4.4,3,L,Women,2025-05-07 02:32:30.273300,252.82,4045120
Hoodie 969,3.8,3,XL,Unisex,2025-05-07 02:32:30.273300,264.49,4231840
Pants 970,4.6,3,XXL,Men,2025-05-07 02:32:30.273300,59.56,952960
Jacket 972,4.4,3,M,Unisex,2025-05-07 02:32:30.273300,454.5,7272000
Crewneck 973,3.9,3,L,Men,2025-05-07 02:32:30.273300,445.9,7134400
T-shirt 974,3.0,3,XL,Women,2025-05-07 02:32:30.273300,298.08,4769280
Hoodie 975,3.6,3,XXL,Unisex,2025-05-07 02:32:30.273300,301.0,4816000
Outerwear 977,3.6,3,M,Women,2025-05-07 02:32:30.274216,209.75,3356000
Jacket 978,3.6,3,L,Unisex,2025-05-07 02:32:30.274216,244.89,3918240
Crewneck 979,3.4,3,XL,Men,2025-05-07 02:32:30.274216,303.03,4848480
T-shirt 980,3.1,3,XXL,Women,2025-05-07 02:32:30.274216,409.0,6544000
Pants 982,4.9,3,M,Men,2025-05-07 02:32:32.424656,455.11,7281760
Outerwear 983,3.2,3,L,Women,2025-05-07 02:32:32.424656,360.16,5762560
Jacket 984,3.8,3,XL,Unisex,2025-05-07 02:32:32.424656,459.34,7349440
Crewneck 985,4.3,3,XXL,Men,2025-05-07 02:32:32.424656,389.75,6236000
T-shirt 986,4.5,3,S,Women,2025-05-07 02:32:32.424656,419.61,6713760
Hoodie 987,4.7,3,M,Unisex,2025-05-07 02:32:32.424656,250.5,4008000
Pants 988,3.5,3,L,Men,2025-05-07 02:32:32.424656,128.39,2054239
Outerwear 989,4.2,3,XL,Women,2025-05-07 02:32:32.424656,429.34,6869440
Jacket 990,4.2,3,XXL,Unisex,2025-05-07 02:32:32.424656,207.96,3327360
T-shirt 992,4.9,3,M,Women,2025-05-07 02:32:32.425650,302.53,4840480
Hoodie 993,3.4,3,L,Unisex,2025-05-07 02:32:32.425650,397.62,6361920
Pants 994,4.4,3,XL,Men,2025-05-07 02:32:32.425650,105.86,1693760
Outerwear 995,3.2,3,XXL,Women,2025-05-07 02:32:32.425650,502.92,8046720
Jacket 996,4.3,3,S,Unisex,2025-05-07 02:32:32.425650,433.9,6942400
Crewneck 997,3.9,3,M,Men,2025-05-07 02:32:32.425650,332.58,5321280
T-shirt 998,4.2,3,L,Women,2025-05-07 02:32:32.425650,56.75,908000
Hoodie 999,4.8,3,XL,Unisex,2025-05-07 02:32:32.426647,533.39,8534240
Pants 1000,4.7,3,XXL,Men,2025-05-07 02:32:32.426647,183.64,2938240
